model,fold,outer_val_season,target_season,train_n,val_n,fit_seconds,mae,rmse,r2,bias,input_dim,selected_rounds,10plus_n,10plus_mae,10plus_bias,15plus_n,15plus_mae,15plus_bias,20plus_n,20plus_mae,20plus_bias
Naive_current_goals,1,2020-2021,2021-2022,16284,834,0.0,2.629496402877698,3.9104177406608134,0.29861958125038246,0.7158273381294964,1,,92,5.032608695652174,-2.7282608695652173,31,6.548387096774194,-4.548387096774194,13,6.384615384615385,-4.6923076923076925
ElasticNet,1,2020-2021,2021-2022,16284,834,1.2726473999791779,2.352170646212901,3.312084741256465,0.49683525067792345,0.1397306578885692,24,,92,5.742904427945535,-5.2644542319549394,31,8.309136643152893,-8.122035860901999,13,10.322053028475763,-10.322053028475763
RandomForest,1,2020-2021,2021-2022,16284,834,2.9821692999685183,2.357884853976304,3.375478160624269,0.47738973854159394,0.16882466271021632,24,,92,5.829010875154973,-5.31717283703893,31,8.16145202709996,-7.73532093702285,13,9.480106936177968,-9.480106936177968
Baseline_MLP,1,2020-2021,2021-2022,16284,834,8.35284889995819,2.3834708698397633,3.3523080693255283,0.4845397585428478,0.26457721446986965,24,15.0,92,5.716736026432203,-5.161947623543117,31,8.002897954756214,-7.595230487085158,13,9.453382638784555,-9.453382638784555
XGBoost,1,2020-2021,2021-2022,16284,834,0.8817209000117145,2.3567817544908545,3.3795859855454418,0.4761169720566778,0.06884008703186072,24,153.0,92,6.059583150822183,-5.62689949636874,31,8.51731038862659,-8.075352484180081,13,9.999389244959904,-9.999389244959904
CatBoost,1,2020-2021,2021-2022,16284,834,14.373741600022186,2.3294582955139,3.3217479079382546,0.4938949529370805,0.11638615400387019,19,282.0,92,5.856882825661491,-5.334675027585934,31,8.176284738731269,-7.633958530793246,13,9.482290786123992,-9.035679017073008
Naive_current_goals,2,2021-2022,2022-2023,17118,778,0.0,2.922879177377892,4.301909661443219,0.12295247287972,0.8380462724935732,1,,76,6.2368421052631575,-3.4210526315789473,29,7.9655172413793105,-5.620689655172414,10,10.1,-7.7
ElasticNet,2,2021-2022,2022-2023,17118,778,1.391142399981618,2.52161423141455,3.557601622648658,0.40018795156358267,0.2546646757649497,24,,76,6.246982229348016,-5.645360168332351,29,8.523442011041665,-8.399244389954333,10,12.24821493325869,-11.960900175674864
RandomForest,2,2021-2022,2022-2023,17118,778,2.7793933000066318,2.5567586893413163,3.5802411232191194,0.3925296163150088,0.2578122393931797,24,,76,6.452707945070087,-5.53582474749281,29,8.798347569687566,-8.123449581181816,10,11.69724473463628,-10.855922314001356
Baseline_MLP,2,2021-2022,2022-2023,17118,778,1.110089199966751,2.5024496132656355,3.545214716868756,0.40435754754437725,0.2019570685520883,24,2.0,76,6.287441884216509,-5.662632493596328,29,8.446405969817063,-8.275168681966848,10,11.77309808731079,-11.464938068389893
XGBoost,2,2021-2022,2022-2023,17118,778,0.6130271999863908,2.49029548159755,3.4939574352375,0.42145682317230326,0.16611755710181356,24,116.0,76,6.583165377378464,-5.788401059414211,29,8.872024018189002,-8.331586122512817,10,11.362364053726196,-11.045280694961548
CatBoost,2,2021-2022,2022-2023,17118,778,19.415742499986663,2.458011628408102,3.4612065914433097,0.4322520165501891,0.20154479085985125,19,378.0,76,6.251169878902672,-5.455955148767148,29,8.368626058019549,-7.770544564134535,10,11.077401028315546,-9.788970026017534
Naive_current_goals,3,2022-2023,2023-2024,17896,738,0.0,2.7574525745257454,3.957942856221718,0.2794327901474043,0.7466124661246613,1,,78,5.5256410256410255,-3.8333333333333335,31,6.387096774193548,-3.6129032258064515,8,7.625,-4.875
ElasticNet,3,2022-2023,2023-2024,17896,738,1.378377500048373,2.363695091935824,3.396003046260484,0.4695168446331326,0.049539926068503846,24,,78,6.318770920685728,-6.220451736905736,31,8.030394859894775,-7.89158610677847,8,12.025484588934336,-12.025484588934336
RandomForest,3,2022-2023,2023-2024,17896,738,2.965491400042083,2.3812533331001866,3.422627743565931,0.4611662517678692,0.0639095292576405,24,,78,6.317872179515238,-6.146087616771412,31,7.936836374752864,-7.521771107818329,8,11.474069663386683,-10.67848708715444
Baseline_MLP,3,2022-2023,2023-2024,17896,738,11.987141399993561,2.3604085463172373,3.3801573387172157,0.4744557507265137,0.1464445906360621,24,21.0,78,6.043117993917221,-5.941598018010457,31,7.946683560648272,-7.714250979884978,8,11.099370777606964,-10.985128700733185
XGBoost,3,2022-2023,2023-2024,17896,738,0.6373359999852255,2.3717969815097852,3.419378286762992,0.4621889080168605,-0.027157740945092386,24,84.0,78,6.830478128714439,-6.7061655811774425,31,8.774326539808705,-8.461540129876905,8,12.337430357933044,-11.593580603599548
CatBoost,3,2022-2023,2023-2024,17896,738,18.12893190002069,2.31195541205576,3.351119390480179,0.4834465608885844,0.002215126387689806,19,351.0,78,6.313387065647212,-6.089573074234847,31,7.935912154753518,-7.455173070666127,8,11.33326221372365,-9.91623059577606
Naive_current_goals,4,2023-2024,2024-2025,18634,769,0.0,2.811443433029909,3.9617810026065023,0.30600296744868494,0.5669700910273082,1,,87,5.64367816091954,-3.3908045977011496,32,7.5,-4.875,16,9.0,-5.875
ElasticNet,4,2023-2024,2024-2025,18634,769,1.436414199997671,2.478091364092947,3.4991263020226713,0.45862783723420353,-0.01665463477476838,24,,87,6.350402666187916,-6.076731399010757,32,8.881330338188832,-8.881330338188832,16,10.539747462959589,-10.539747462959589
RandomForest,4,2023-2024,2024-2025,18634,769,2.9878119999775663,2.4441020691237503,3.459090972349481,0.47094520980470445,0.04549770942137641,24,,87,6.341316148521495,-5.795818444118616,32,8.737048520345397,-8.360836010199291,16,10.386841557314213,-9.720365738861833
Baseline_MLP,4,2023-2024,2024-2025,18634,769,6.278618999989703,2.4643467690102923,3.524135998943728,0.4508613613067808,-0.12655380529064506,24,10.0,87,6.756019070230681,-6.390882386558357,32,9.398019790649414,-9.286480784416199,16,11.020245611667633,-10.797167599201202
XGBoost,4,2023-2024,2024-2025,18634,769,1.2929895999841392,2.473052821520556,3.518795639020522,0.4525243936062834,0.015735272274525796,24,210.0,87,6.479730012773097,-5.732109901548802,32,8.791247591376305,-8.162524804472923,16,10.238995522260666,-9.223262518644333
CatBoost,4,2023-2024,2024-2025,18634,769,15.33175549999578,2.4580749713675942,3.487326190583783,0.46227302162716155,0.0019123154955789114,19,293.0,87,6.399071106421344,-5.766859347930319,32,8.796774129940037,-8.250248764979686,16,10.361436507298862,-9.375322993245058
