family,experiment,fold,outer_val_season,train_n,val_n,feature_count,selected_iterations,fit_seconds,mae,rmse,r2,bias,10plus_n,10plus_mae,10plus_bias,15plus_n,15plus_mae,15plus_bias,20plus_n,20plus_mae,20plus_bias,changed_team_n,changed_team_mae,changed_team_bias,same_team_n,same_team_mae,same_team_bias
Market_2005plus,M0_Exp9Cb,1,2020-2021,13295,834,19,291,15.000266799994279,2.3314896249286936,3.337299439389348,0.48914496404733976,0.07346132468973032,92,5.937351492876091,-5.361040097818895,31,8.283356464865228,-7.670884473576914,13,9.75448011137189,-9.26724261044452,55,2.4267179851403218,0.8208181305498361,779,2.324766184862404,0.020695439808721593
Market_2005plus,M1_plus_market_value,1,2020-2021,13295,834,23,349,19.860784699965734,2.349691327382357,3.346125518952492,0.4864392976861911,0.1619609980054645,92,5.801905576747414,-5.2627307907386,31,8.348738136331749,-7.4296095783168425,13,9.938101817809546,-9.113460449602401,55,2.5122795877452213,0.9777549221078548,779,2.3382120535441575,0.10436322415998125
Market_2005plus,M2_plus_market_momentum,1,2020-2021,13295,834,26,348,21.00415559997782,2.340458574600877,3.322453877223213,0.4936798056134978,0.15915595251074935,92,5.762007127722061,-5.209596304045843,31,8.049193211101139,-7.250983325640256,13,9.15465865595979,-8.694887433570655,55,2.5010200348439366,0.9373527549058365,779,2.329122399615809,0.10421266094241842
Market_2005plus,M0_Exp9Cb,2,2021-2022,14129,778,19,303,15.253735599981155,2.4463659659185257,3.464976188127175,0.43101467558623774,0.1624662069413213,76,6.277117291919,-5.573965923434391,29,8.422531196461447,-7.987541643620994,10,10.977388784382276,-10.224301168963546,99,2.914970715087373,0.13434043163654275,679,2.3780421512385317,0.1665670195409871
Market_2005plus,M1_plus_market_value,2,2021-2022,14129,778,23,336,16.294162200007122,2.467654434725266,3.4694147981542387,0.42955600954909323,0.2467025910151529,76,6.084801403014729,-5.4052229130687275,29,8.111208165311776,-7.846471907763425,10,10.413592656250795,-9.860048949158106,99,2.96306720542031,0.2375943830279154,679,2.3954219394398324,0.2480305918851625
Market_2005plus,M2_plus_market_momentum,2,2021-2022,14129,778,26,243,12.317468199995346,2.462770551585451,3.4639052717368233,0.43136633257511514,0.22148723295224795,76,6.111624740312157,-5.524588274700596,29,8.133037825042207,-8.02634850498597,10,10.528812176987312,-10.44160249661333,99,2.960890366058722,0.1439980754043716,679,2.3901433621408943,0.2327853575431754
Market_2005plus,M0_Exp9Cb,3,2022-2023,14907,738,19,607,33.53945619997103,2.3116004079325356,3.368416503426445,0.4781003220659068,0.004723362549464709,78,6.325301298082974,-6.018474791455049,31,7.96491678151109,-7.330543080229506,8,11.83595193401866,-9.719398236760156,103,2.30317083872384,0.3811194856824102,635,2.312967723882922,-0.05632986687209974
Market_2005plus,M1_plus_market_value,3,2022-2023,14907,738,23,161,8.851943399989977,2.315886159061383,3.339943153271565,0.4868863051603657,0.10602582413160781,78,6.149092672611592,-5.967696130119592,31,7.766112805848573,-7.382222450733671,8,10.73846237702344,-10.047996940400948,103,2.381807364146515,0.48492122172370355,635,2.305193428157811,0.04456720058517336
Market_2005plus,M2_plus_market_momentum,3,2022-2023,14907,738,26,178,9.602822599990759,2.322581770011995,3.345946916549264,0.4850399372329455,0.08695740705918631,78,6.151934786047922,-5.976390133975569,31,7.741444828538896,-7.406231410596704,8,10.7995275783096,-9.985182503068886,103,2.4173056009449274,0.4989098835394319,635,2.3072171171205116,0.02013676914191814
Market_2005plus,M0_Exp9Cb,4,2023-2024,15645,769,19,593,31.258962699968833,2.451026898869362,3.5033632012521023,0.4573160080617643,-0.030264766822435347,87,6.480062232572392,-5.799369677610001,32,9.026133084944295,-8.22719335834401,16,10.629543800565724,-9.278316011930514,97,3.1097765286654098,-0.5440776500982545,672,2.3559395267113015,0.04390167615041347
Market_2005plus,M1_plus_market_value,4,2023-2024,15645,769,23,300,15.813464000006206,2.452038154698175,3.470185206329871,0.46754612597513934,0.031117749834389342,87,6.411713594053588,-5.734203372096608,32,8.890492410072934,-8.21045572738659,16,10.689727671237005,-9.442228196495204,97,3.1370440197519835,-0.4611782638071653,672,2.3531608200103484,0.10217833513681612
Market_2005plus,M2_plus_market_momentum,4,2023-2024,15645,769,26,256,16.461258800001815,2.4578012713253012,3.4793837854656897,0.4647195848877421,0.03402556952866171,87,6.457136915171525,-5.741772674949595,32,8.932962268161699,-8.200867502750935,16,10.77033341249965,-9.38075412540013,97,3.132340881801902,-0.4466211118032042,672,2.360434690646388,0.10340462918519593
Transfer_2017plus,T0_Exp9Cb,1,2020-2021,3252,834,19,259,12.618937199993525,2.336791173433272,3.3553442366058612,0.4836056366162752,0.048044823276605426,92,5.992418506142789,-5.3813191068533275,31,8.231459809312907,-7.687889902838068,13,9.336743486953424,-9.336743486953424,55,2.4142589068050433,0.736598782431795,779,2.3313216928999636,-0.0005693843659304288
Transfer_2017plus,T1_plus_transfer_state,1,2020-2021,3252,834,25,281,13.509447599994019,2.3318554218611287,3.3629324113879173,0.48126732419299656,0.031595020685867004,92,6.049193338868459,-5.496263869920495,31,8.419506734887769,-7.867923738367825,13,9.477275126337725,-9.477275126337725,55,2.3736055022634823,0.7625174811228714,779,2.3289077268391396,-0.02001054455679697
Transfer_2017plus,T2_plus_state_economics,1,2020-2021,3252,834,28,253,14.1467902000295,2.343740290348318,3.3786454758001665,0.4764085157758229,0.04634235764642217,92,6.0308846858476635,-5.394497214027007,31,8.352656775391315,-7.78280204623814,13,9.45287495631035,-9.45287495631035,55,2.462575461398045,0.7911717428468482,779,2.3353501306464763,-0.006245082900462829
Transfer_2017plus,T3_plus_state_new_team,1,2020-2021,3252,834,32,284,18.58575309999287,2.3298574686028686,3.3578530984306085,0.48283310994061734,0.058614436068103286,92,5.904615457511744,-5.356004438654495,31,8.155019033604807,-7.6538245311006206,13,9.140860775714533,-9.140860775714533,55,2.3877472921977265,0.7637180871733789,779,2.325770253843283,0.008831764937435541
Transfer_2017plus,T4_all_transfer_context,1,2020-2021,3252,834,35,308,18.53328929998679,2.3411734496162633,3.373150931347079,0.47811011922597924,0.06043316362417082,92,5.979157500841512,-5.320617492226054,31,8.09105945442442,-7.510997207754785,13,9.07543219783172,-9.07543219783172,55,2.4350364196511505,0.7111374506271754,779,2.3345464106535947,0.014491269163111447
Transfer_2017plus,T0_Exp9Cb,2,2021-2022,4086,778,19,212,11.390351600013673,2.481577306193218,3.527740113733547,0.41021499986336163,0.10706899024795129,76,6.568650503114043,-5.759497787109303,29,8.969479745518656,-8.416292167222513,10,12.276723662693467,-11.010856249593575,99,3.0197620231090783,0.08796850558099382,679,2.4031085477621867,0.10985389154696273
Transfer_2017plus,T1_plus_transfer_state,2,2021-2022,4086,778,25,262,12.338915599975735,2.4795514299172394,3.539963288932962,0.40612085779449936,0.09987033419822738,76,6.598151936838099,-5.823149538520684,29,8.91077648536453,-8.430215960871216,10,12.038731641639954,-11.241306421305127,99,3.048714068653698,0.0754201192926387,679,2.396566008363617,0.10343524034793766
Transfer_2017plus,T2_plus_state_economics,2,2021-2022,4086,778,28,221,10.448937100009061,2.4833892946392653,3.5553678642563873,0.40094093894610927,0.10466376011659007,76,6.583591523766202,-5.884149288715355,29,9.018615284413807,-8.661603132389867,10,12.404114520876284,-12.089492277416367,99,3.059045547381567,0.0006556899746129866,679,2.3994570869492984,0.11982841246424208
Transfer_2017plus,T3_plus_state_new_team,2,2021-2022,4086,778,32,327,15.939538300037384,2.4787326220174455,3.5323185679245053,0.40868310930219787,0.10085670441113558,76,6.5594739601786864,-5.781317858620511,29,8.952688433302287,-8.431837689738114,10,11.935979837122407,-11.420241106051167,99,2.960659539207131,-0.02842295833351403,679,2.4084663999235145,0.11970602195416982
Transfer_2017plus,T4_all_transfer_context,2,2021-2022,4086,778,35,267,13.215032599982806,2.4774100059094706,3.5471583285577024,0.40370426413514227,0.10348877938380652,76,6.559628226396794,-5.809075069360299,29,8.868020182090488,-8.516659795669037,10,11.866901227513443,-11.629666648694371,99,2.9646556894050784,-0.06159977655761772,679,2.4063682935883146,0.1275591284827771
Transfer_2017plus,T0_Exp9Cb,3,2022-2023,4864,738,19,165,8.129487800004426,2.3352565348925176,3.4079253626628025,0.46578558186667285,-0.06788261079373685,78,6.645774406193626,-6.512820839697436,31,8.298841884761986,-8.014403353935556,8,12.00787596052238,-11.536137228502293,103,2.4216996492836818,0.30047791748916775,635,2.321235053345604,-0.12763242876718434
Transfer_2017plus,T1_plus_transfer_state,3,2022-2023,4864,738,25,141,7.147674400010146,2.3421628648973156,3.422735957349182,0.4611321784390734,-0.06777837962126881,78,6.727657674795675,-6.624963966672207,31,8.359171548821712,-8.167637831151447,8,12.194737213874344,-12.00683311524839,103,2.4459138260433515,0.28639299611429847,635,2.325333968837408,-0.12522665001617184
Transfer_2017plus,T2_plus_state_economics,3,2022-2023,4864,738,28,186,9.879074199998286,2.3306818271130987,3.4044631738425144,0.46687047163909046,-0.06433589021407828,78,6.616826381097303,-6.510404296566106,31,8.317507563217676,-8.049735866655306,8,12.148902846882711,-11.632817927379337,103,2.4187355417206544,0.25830753965855713,635,2.316399098601951,-0.11667017883908842
Transfer_2017plus,T3_plus_state_new_team,3,2022-2023,4864,738,32,173,8.242113499960396,2.3178299206345994,3.39993075641521,0.4682890548156896,-0.057963476170552065,78,6.595636740022846,-6.4584603138003205,31,8.203487482139048,-7.912945808630662,8,12.170249228247643,-11.649283042666482,103,2.37358964306846,0.23226688208121923,635,2.308785430224068,-0.10504021144603624
Transfer_2017plus,T4_all_transfer_context,3,2022-2023,4864,738,35,261,13.859577699971851,2.325075660522593,3.3916405432810888,0.4708788857635119,-0.053123080013759205,78,6.529266098719458,-6.330504246213879,31,8.152580410165053,-7.69605847279302,8,11.825214321599038,-10.855447801368879,103,2.387824750155374,0.24907060658220057,635,2.314897461731764,-0.10214032366633216
Transfer_2017plus,T0_Exp9Cb,4,2023-2024,5602,769,19,273,14.220393700001296,2.4416109136434803,3.48712341975767,0.46233555215498445,-0.13348749506737895,87,6.575860518620003,-6.203863272608456,32,9.187103979790722,-8.822867247083183,16,10.770843094705828,-10.042369629290755,97,3.1707286880590813,-0.697328890978944,672,2.3363662348959897,-0.05209967452657266
Transfer_2017plus,T1_plus_transfer_state,4,2023-2024,5602,769,25,284,14.823375200037844,2.4380364594827815,3.4941926027211414,0.4601534091770937,-0.1368595417633096,87,6.59390609103428,-6.202723077661788,32,9.16998618926273,-8.869056895299796,16,10.763213898080718,-10.16135531015485,97,3.172987369906462,-0.816228250477631,672,2.3319497953293635,-0.03879590374948646
Transfer_2017plus,T2_plus_state_economics,4,2023-2024,5602,769,28,249,12.476066000002902,2.4422586086519606,3.496146562903478,0.45954947356330544,-0.14710031765374496,87,6.653551104580052,-6.263769356757071,32,9.210170127756424,-8.85959583738681,16,10.807261499823635,-10.106112919084406,97,3.186417423779146,-0.7410706845028402,672,2.334842827301757,-0.0613635236293963
Transfer_2017plus,T3_plus_state_new_team,4,2023-2024,5602,769,32,262,13.58707539999159,2.4441002652983324,3.509103759616766,0.45553608328686856,-0.14088549252224958,87,6.661049908888212,-6.2820794930693316,32,9.150140333237468,-8.891623071603796,16,10.743501635068634,-10.226467111801286,97,3.241749162612515,-0.8665157633883481,672,2.328963445299112,-0.0361442183049705
Transfer_2017plus,T4_all_transfer_context,4,2023-2024,5602,769,35,282,13.499685599992517,2.449362722743783,3.5121159155374615,0.45460096469170574,-0.14090263900315872,87,6.693819733705095,-6.246325716872702,32,9.368611038960585,-8.917010653745814,16,11.096553487502286,-10.193352717072745,97,3.2266651195993097,-0.8608775898453509,672,2.337162823197673,-0.03697768330123508
Combined_2017plus,C0_Exp9Cb,1,2020-2021,3252,834,19,259,12.104388100036886,2.336791173433272,3.3553442366058612,0.4836056366162752,0.048044823276605426,92,5.992418506142789,-5.3813191068533275,31,8.231459809312907,-7.687889902838068,13,9.336743486953424,-9.336743486953424,55,2.4142589068050433,0.736598782431795,779,2.3313216928999636,-0.0005693843659304288
Combined_2017plus,C1_all_market,1,2020-2021,3252,834,26,317,17.12139039998874,2.3382521719847404,3.3596173239393705,0.48228952528608415,0.03013009099040554,92,6.035531224046103,-5.489055977549977,31,8.309928331834216,-7.919839487862432,13,9.330316802842189,-9.330316802842189,55,2.4460630685236584,0.8155164312427052,779,2.330640362858116,-0.025320805946534693
Combined_2017plus,C2_all_transfer,1,2020-2021,3252,834,35,308,16.234599099960178,2.3411734496162633,3.373150931347079,0.47811011922597924,0.06043316362417082,92,5.979157500841512,-5.320617492226054,31,8.09105945442442,-7.510997207754785,13,9.07543219783172,-9.07543219783172,55,2.4350364196511505,0.7111374506271754,779,2.3345464106535947,0.014491269163111447
Combined_2017plus,C3_all_external,1,2020-2021,3252,834,42,273,14.471015900024213,2.3335055207736692,3.352760994874125,0.48440046294149963,0.045135807823498936,92,5.975193464039597,-5.443735075747013,31,8.251206267460168,-7.7521120092276785,13,9.34608316521055,-9.307938523250044,55,2.4628940221836775,0.7879317003022183,779,2.3243702607254657,-0.0073080613502232005
Combined_2017plus,C0_Exp9Cb,2,2021-2022,4086,778,19,212,11.357524299994111,2.481577306193218,3.527740113733547,0.41021499986336163,0.10706899024795129,76,6.568650503114043,-5.759497787109303,29,8.969479745518656,-8.416292167222513,10,12.276723662693467,-11.010856249593575,99,3.0197620231090783,0.08796850558099382,679,2.4031085477621867,0.10985389154696273
Combined_2017plus,C1_all_market,2,2021-2022,4086,778,26,287,16.53681299998425,2.471608532783621,3.491393448930239,0.4223056214387635,0.0963228291188134,76,6.542629651032596,-5.727870548672462,29,8.816167725162657,-8.288754611735218,10,12.068498351560546,-10.983052234284248,99,3.007493508161675,0.050080910807950574,679,2.393475082765318,0.10306502339388765
Combined_2017plus,C2_all_transfer,2,2021-2022,4086,778,35,267,14.21641550003551,2.4774100059094706,3.5471583285577024,0.40370426413514227,0.10348877938380652,76,6.559628226396794,-5.809075069360299,29,8.868020182090488,-8.516659795669037,10,11.866901227513443,-11.629666648694371,99,2.9646556894050784,-0.06159977655761772,679,2.4063682935883146,0.1275591284827771
Combined_2017plus,C3_all_external,2,2021-2022,4086,778,42,320,16.738693899998907,2.464126895917912,3.5078819852410468,0.4168362710711494,0.1070920194545823,76,6.452431236109056,-5.778069627795537,29,8.715432768777157,-8.512934011216196,10,11.71568535749158,-11.71568535749158,99,2.9134069871902346,-0.07212021568921945,679,2.398620667588075,0.13322163842252985
Combined_2017plus,C0_Exp9Cb,3,2022-2023,4864,738,19,165,7.976598199980799,2.3352565348925176,3.4079253626628025,0.46578558186667285,-0.06788261079373685,78,6.645774406193626,-6.512820839697436,31,8.298841884761986,-8.014403353935556,8,12.00787596052238,-11.536137228502293,103,2.4216996492836818,0.30047791748916775,635,2.321235053345604,-0.12763242876718434
Combined_2017plus,C1_all_market,3,2022-2023,4864,738,26,190,9.60503959999187,2.312542993632931,3.377981226921203,0.47513221326513444,-0.06142278010445687,78,6.5266282125724455,-6.437149590101521,31,8.17759096132551,-7.9785942379055745,8,11.424842116239804,-10.962622683993224,103,2.3987812423182784,0.304713634305173,635,2.2985547422713712,-0.12081183630003461
Combined_2017plus,C2_all_transfer,3,2022-2023,4864,738,35,261,13.358193899970502,2.325075660522593,3.3916405432810888,0.4708788857635119,-0.053123080013759205,78,6.529266098719458,-6.330504246213879,31,8.152580410165053,-7.69605847279302,8,11.825214321599038,-10.855447801368879,103,2.387824750155374,0.24907060658220057,635,2.314897461731764,-0.10214032366633216
Combined_2017plus,C3_all_external,3,2022-2023,4864,738,42,157,7.695617799996398,2.317540034307834,3.384669886713671,0.4730515991264542,-0.06756425596801956,78,6.625187114111541,-6.55245440081881,31,8.308758936656188,-8.125754045145445,8,11.716473032771571,-11.376680522235821,103,2.3803797355189458,0.23408309007833816,635,2.307347137890913,-0.11649288060231067
Combined_2017plus,C0_Exp9Cb,4,2023-2024,5602,769,19,273,16.12246199999936,2.4416109136434803,3.48712341975767,0.46233555215498445,-0.13348749506737895,87,6.575860518620003,-6.203863272608456,32,9.187103979790722,-8.822867247083183,16,10.770843094705828,-10.042369629290755,97,3.1707286880590813,-0.697328890978944,672,2.3363662348959897,-0.05209967452657266
Combined_2017plus,C1_all_market,4,2023-2024,5602,769,26,190,9.635657100006938,2.4407459114582686,3.4846433045181944,0.46310007662661323,-0.1181625755179238,87,6.650073838687077,-6.221302949083585,32,9.221914349616135,-8.93618633300587,16,10.94302759543621,-10.37157156221568,97,3.159262774115577,-0.71372135206634,672,2.3370314238425562,-0.03219650211733407
Combined_2017plus,C2_all_transfer,4,2023-2024,5602,769,35,282,17.106903000036255,2.449362722743783,3.5121159155374615,0.45460096469170574,-0.14090263900315872,87,6.693819733705095,-6.246325716872702,32,9.368611038960585,-8.917010653745814,16,11.096553487502286,-10.193352717072745,97,3.2266651195993097,-0.8608775898453509,672,2.337162823197673,-0.03697768330123508
Combined_2017plus,C3_all_external,4,2023-2024,5602,769,42,252,14.291641299962066,2.4367063730434038,3.49023005684488,0.46137712760220295,-0.1254492053003299,87,6.688000071039608,-6.220342330562911,32,9.349381825383578,-8.9243497257095,16,11.140991727256203,-10.31876481762093,97,3.1683945833740927,-0.8134843572086722,672,2.331090664111742,-0.026134607480226942
