threshold,macro_f1,balanced_accuracy,exit_recall,presence_recall
0.2,0.7173971849407708,0.6655844155844156,0.33116883116883117,1.0
0.21,0.7236721611721612,0.6714277270194046,0.34415584415584416,0.9986996098829649
0.22,0.7282222119581534,0.6766208433958759,0.35714285714285715,0.9960988296488946
0.23,0.7415026605901673,0.6889576613243713,0.38311688311688313,0.9947984395318595
0.24,0.7522978866152298,0.6986979210646311,0.4025974025974026,0.9947984395318595
0.25,0.7522978866152298,0.6986979210646311,0.4025974025974026,0.9947984395318595
0.26,0.7646473370347522,0.7110347389931265,0.42857142857142855,0.9934980494148244
0.27,0.7765012914334912,0.7233715569216219,0.45454545454545453,0.9921976592977894
0.28,0.7846705266060106,0.7324616216033641,0.474025974025974,0.9908972691807543
0.29,0.7894202704722644,0.7383049330383531,0.487012987012987,0.9895968790637191
0.3,0.7925864375600986,0.7415516862851063,0.4935064935064935,0.9895968790637191
0.31,0.7957289369468825,0.7447984395318595,0.5,0.9895968790637191
0.32,0.801944132056204,0.751291946025366,0.512987012987013,0.9895968790637191
0.33,0.8080682054481181,0.7577854525188725,0.525974025974026,0.9895968790637191
0.34,0.811096784756759,0.7610322057656258,0.5324675324675324,0.9895968790637191
0.35,0.8170884146341464,0.7675257122591322,0.5454545454545454,0.9895968790637191
0.36,0.820052006188078,0.7707724655058855,0.551948051948052,0.9895968790637191
0.37,0.8259160624966995,0.777265971999392,0.564935064935065,0.9895968790637191
0.38,0.8373987976051351,0.7902529849864051,0.5909090909090909,0.9895968790637191
0.39,0.8430214071800939,0.7967464914799115,0.6038961038961039,0.9895968790637191
0.4,0.8458038522012579,0.7999932447266647,0.6103896103896104,0.9895968790637191
0.41,0.8567465321563682,0.8129802577136778,0.6363636363636364,0.9895968790637191
0.42,0.8621086822422701,0.8194737642071842,0.6493506493506493,0.9895968790637191
0.43,0.8674002988162279,0.8259672707006906,0.6623376623376623,0.9895968790637191
0.44,0.8690482946484308,0.8311603870771621,0.6753246753246753,0.9869960988296489
0.45,0.8767387102442452,0.8409006468174218,0.6948051948051948,0.9869960988296489
0.46,0.8749579564989909,0.8402504517589042,0.6948051948051948,0.9856957087126138
0.47,0.8782223250969272,0.8460937631938932,0.7077922077922078,0.9843953185955787
0.48,0.8831949343438875,0.8525872696873997,0.7207792207792207,0.9843953185955787
0.49,0.8863300492610837,0.8584305811223887,0.7337662337662337,0.9830949284785435
0.5,0.8845633463327004,0.8577803860638711,0.7337662337662337,0.9817945383615084
0.51,0.8845633463327004,0.8577803860638711,0.7337662337662337,0.9817945383615084
0.52,0.8852324853220115,0.8603769442521068,0.7402597402597403,0.9804941482444733
0.53,0.880691948366852,0.8610229172647899,0.7467532467532467,0.9752925877763329
0.54,0.8813624678663239,0.8636194754530255,0.7532467532467533,0.9739921976592978
0.55,0.8837338813935758,0.8668662286997788,0.7597402597402597,0.9739921976592978
0.56,0.8884356821213593,0.8733597351932852,0.7727272727272727,0.9739921976592978
0.57,0.8867206676485027,0.8727095401347678,0.7727272727272727,0.9726918075422627
0.58,0.8867206676485027,0.8727095401347678,0.7727272727272727,0.9726918075422627
0.59,0.8839507136291902,0.8740057082059682,0.7792207792207793,0.9687906371911573
0.6,0.8839507136291902,0.8740057082059682,0.7792207792207793,0.9687906371911573
0.61,0.8822686265141508,0.8733555131474507,0.7792207792207793,0.9674902470741222
0.62,0.880595084087969,0.8727053180889333,0.7792207792207793,0.9661898569570871
0.63,0.880595084087969,0.8727053180889333,0.7792207792207793,0.9661898569570871
0.64,0.8857985186702164,0.8817953827706754,0.7987012987012987,0.9648894668400521
0.65,0.8886476052599831,0.8876386942056642,0.8116883116883117,0.9635890767230169
0.66,0.8892243748065516,0.8902352523939,0.8181818181818182,0.9622886866059818
0.67,0.891448252688172,0.8934820056406532,0.8246753246753247,0.9622886866059818
0.68,0.891448252688172,0.8934820056406532,0.8246753246753247,0.9622886866059818
0.69,0.8897933533730638,0.8928318105821357,0.8246753246753247,0.9609882964889467
0.7,0.8848763532953052,0.890881225406583,0.8246753246753247,0.9570871261378413
0.71,0.8854554480019856,0.8934777835948187,0.8311688311688312,0.9557867360208062
0.72,0.8828104521625164,0.8947739516660194,0.8376623376623377,0.951885565669701
0.73,0.8796237426843383,0.8934735615489842,0.8376623376623377,0.9492847854356307
0.74,0.8754995339360958,0.8941195345616672,0.8441558441558441,0.9440832249674902
0.75,0.8754995339360958,0.8941195345616672,0.8441558441558441,0.9440832249674902
0.76,0.8708523226992884,0.8921689493861145,0.8441558441558441,0.9401820546163849
0.77,0.8735940170176786,0.8980122608211034,0.8571428571428571,0.9388816644993498
0.78,0.8726545253863134,0.8999586239508216,0.8636363636363636,0.9362808842652796
0.79,0.8681100782386229,0.8980080387752689,0.8636363636363636,0.9323797139141743
0.8,0.8612832369942196,0.8973536216709168,0.8701298701298701,0.9245773732119635
0.81,0.8569000465113608,0.8954030364953642,0.8701298701298701,0.9206762028608583
0.82,0.849710698111207,0.8921520612027765,0.8701298701298701,0.9141742522756827
0.83,0.8398780044209407,0.8876006957931535,0.8701298701298701,0.9050715214564369
0.84,0.8466437749224633,0.899937513721649,0.8961038961038961,0.9037711313394018
0.85,0.8350038731485177,0.8966823163832267,0.9025974025974026,0.8907672301690507
0.86,0.826392930655121,0.8947275091618394,0.9090909090909091,0.8803641092327699
0.87,0.8186284142267637,0.8908263388107341,0.9090909090909091,0.8725617685305592
0.88,0.8067075431537606,0.8869209464137943,0.9155844155844156,0.8582574772431729
0.89,0.800187281944913,0.8901592555688784,0.935064935064935,0.8452535760728218
0.9,0.7812542393381157,0.8797561346325975,0.935064935064935,0.8244473342002601
0.91,0.767564099479505,0.871953793930387,0.935064935064935,0.8088426527958388
0.92,0.750629754391883,0.8641472311823417,0.9415584415584416,0.7867360208062418
0.93,0.7262950859356088,0.849192744836438,0.9415584415584416,0.7568270481144344
0.94,0.7007133592736705,0.8348842315032172,0.948051948051948,0.7217165149544863
0.95,0.6632625175998945,0.8160159086687045,0.9675324675324676,0.6644993498049415
