column,role,description
player,metadata,선수명. 기본 모델 피처에서는 제외 권장
nation,metadata,국적 코드/표기. 기본 모델에서는 제외 권장
team,metadata,현재 시즌 주 소속팀. 고카디널리티라 초기 모델에서는 제외 권장
league,feature,현재 시즌 유럽 5대 리그
season,metadata,현재 시즌
target_season,metadata,정답이 되는 다음 시즌
position,metadata,원본 포지션
position_group,feature,FW/MF 중심 대표 포지션
age,feature,현재 시즌 나이
matched_next,audit,다음 시즌 5대리그 기록 매칭 여부. 모델 피처 사용 금지
starts,feature,현재 시즌 선발 횟수
minutes,feature,현재 시즌 출전시간
goals,feature,현재 시즌 득점
assists,feature,현재 시즌 도움
non_penalty_goals,feature,PK 제외 득점
penalty_goals,feature,PK 득점
penalty_attempts,feature,PK 시도
goals_per90,feature,90분당 득점
assists_per90,feature,90분당 도움
goal_contrib_per90,feature,90분당 득점+도움
xg,advanced feature,현재 시즌 xG
npxg,advanced feature,현재 시즌 non-penalty xG
xag,advanced feature,현재 시즌 xAG
progressive_carries,advanced feature,전진 운반
progressive_passes,advanced feature,전진 패스
progressive_receives,advanced feature,전진 패스 수신
shots,advanced feature,슈팅
shots_on_target,advanced feature,유효슈팅
key_passes,advanced feature,키패스
passes_into_penalty_area,advanced feature,페널티지역 진입 패스
touches_att_pen,advanced feature,상대 페널티박스 터치
next_goals,regression target,다음 시즌 유럽 5대리그 득점 수. 다음 시즌 5대리그 기록이 없으면 0
next_10plus,classification target,다음 시즌 유럽 5대리그 10골 이상 여부
좋아. 이 프로젝트는 **딥러닝을 먼저 하고, 주피터에서 한 단계씩 직접 진행하는 방식**으로 가면 돼. 그리고 기존 머신러닝 순서에서 몇 군데는 딥러닝에 맞게 바꾸는 게 좋다.

특히 중요한 점은 **이미 시즌 기준 Train / Validation / Test가 만들어져 있으므로 6:2:2 랜덤 분할을 다시 하면 안 된다는 것**이야. 시간 순서를 유지해야 다음 시즌 예측이라는 프로젝트 의미가 살아 있어.

우선 메인 실험은 **`recent_advanced` + `next_goals` 회귀**로 시작하는 걸 추천해. 이후 같은 데이터로 `next_10plus` 분류를 추가하고, 시간이 되면 `long_basic` 비교 → 머신러닝 비교까지 확장하면 된다.

## 딥러닝용 전체 진행 순서

1. **문제 정의**

   * 현재 시즌 선수 기록 → 다음 시즌 5대리그 득점 예측
   * 메인 Target: `next_goals`
   * 보조 Target: `next_10plus`
   * 메인 데이터: `recent_advanced`

2. **데이터 불러오기**

   * `train.csv`
   * `validation.csv`
   * `test.csv`

3. **데이터 구조 확인**

   * shape
   * 컬럼
   * dtype
   * 기초 통계
   * target 분포

4. **데이터 품질 확인**

   * 결측치
   * 완전 중복
   * 선수/시즌 중복 여부
   * `matched_next` 분포 확인

5. **모델 사용 컬럼 결정**

   * 제외:
     `player`, `nation`, `team`, `season`, `target_season`, `position`, `matched_next`
   * 후보:
     `age`, `position_group`, `league`, 각종 수치형 기록

6. **Train 데이터 중심 EDA**

   * `next_goals` 분포
   * 주요 피처 분포
   * 피처와 득점 관계
   * 상관관계
   * 리그/포지션별 득점 차이

7. **이상치 확인 및 처리 여부 결정**

   * 출전시간
   * 골
   * xG
   * 슈팅
   * 전진지표 등
   * 축구 기록에서 실제 뛰어난 선수의 값은 단순히 이상치라고 제거하면 안 됨

8. **X / y 분리**

   * `X_train`, `y_train`
   * `X_val`, `y_val`
   * `X_test`, `y_test`

9. **딥러닝용 전처리**

   * 범주형 인코딩
   * 수치형 결측치 처리
   * **StandardScaler**
   * Train 기준으로 `fit`
   * Validation/Test에는 `transform`만 적용

10. **PyTorch Tensor 변환**

    * NumPy → Tensor
    * `float32` 확인

11. **Dataset / DataLoader 구성**

    * Train: `shuffle=True`
    * Validation/Test: `shuffle=False`
    * mini-batch 학습 준비

12. **가장 단순한 MLP 베이스라인 생성**

    * 입력 피처 수 → Hidden Layer → Hidden Layer → 1
    * 예:
      `input → 64 → 32 → 1`
    * ReLU
    * 우선 Dropout 없이 시작

13. **Loss / Optimizer 설정**

    * 회귀:

      * `MSELoss`
      * 또는 `SmoothL1Loss`
    * Optimizer:

      * Adam
    * Learning Rate 설정

14. **학습 루프 구현**

    * forward
    * loss 계산
    * `zero_grad()`
    * `backward()`
    * `step()`

15. **Validation 평가 루프 구현**

    * `model.eval()`
    * `torch.no_grad()`
    * Validation Loss 계산

16. **Epoch별 Train / Validation Loss 확인**

    * 학습곡선 그래프
    * 과적합 여부 확인

17. **Early Stopping 적용**

    * Validation 성능이 개선되지 않으면 학습 종료
    * 가장 좋은 모델 weight 저장

18. **베이스라인 모델 성능 평가**
    회귀에서는 최소한:

    * MAE
    * RMSE
    * R²

    특히 이 프로젝트에서는 **MAE를 가장 직관적인 메인 지표**로 보기 좋다.

    예:

    > MAE = 2.4 → 다음 시즌 득점을 평균적으로 약 2.4골 정도 오차로 예측

19. **모델 개선 실험**
    한꺼번에 하지 말고 하나씩:

    * Layer 크기 변경
    * Layer 개수 변경
    * Dropout
    * BatchNorm
    * Learning Rate
    * Batch Size
    * Weight Decay
    * Loss 변경

20. **최종 모델 선택**

    * **Validation 기준으로 선택**
    * Test 데이터는 모델 선택에 사용하지 않음

21. **최종 Test 평가**

    * MAE
    * RMSE
    * R²
    * 실제 득점 vs 예측 득점

22. **오차 분석**
    이 부분이 꽤 중요해.

    * 어떤 선수를 크게 틀렸는가?
    * 고득점 선수를 잘 맞추는가?
    * 0골 선수는?
    * 리그별 차이는?
    * FW/MF 차이는?
    * 이적/부상/출전시간 변화 같은 데이터에 없는 요인은?

23. **`next_10plus` 분류 실험**
    회귀가 끝나면 거의 동일한 파이프라인을 재사용해서:

    * 출력층 `1`
    * `BCEWithLogitsLoss`
    * Accuracy
    * Precision
    * Recall
    * F1
    * ROC-AUC

24. **`long_basic` 비교 실험**
    똑같은 MLP 구조를 사용해

    **많은 기본 데이터**
    vs
    **적은 고급 데이터**

    비교.

25. **머신러닝 비교 — 시간이 남으면**

    * Linear/Logistic Regression
    * RandomForest
    * XGBoost/LightGBM 등

    이렇게 해서

    > Tabular 데이터에서 딥러닝이 정말 머신러닝보다 좋은가?

    까지 비교 가능.

---

### 기존 머신러닝 순서에서 가장 크게 바뀌는 부분

기존에는

> 전처리 → 모델 → 성능 → 특성 중요도

였다면 딥러닝은

> **전처리 → Tensor → Dataset/DataLoader → 모델 구조 → Loss/Optimizer → Training Loop → Validation Loop → 학습곡선 → Early Stopping → 평가**

라는 과정이 추가돼.

그리고 마지막 `특성 중요도`는 MLP에서는 RandomForest처럼 바로 나오지 않기 때문에 **처음부터 필수 단계로 잡지 않아도 돼.** 나중에 Permutation Importance나 SHAP을 추가할 수 있어.

---

## 우리가 실제로 진행할 흐름

나는 앞으로 **한 번에 한 단계만** 줄게.

예를 들어,

**1단계 문제정의**
→ 네가 주피터에 작성
→ 결과/질문 보내기
→ 내가 확인
→ **2단계 데이터 불러오기**

이런 식으로 갈 거야.

그리고 단순히 코드를 던지는 게 아니라,

> 이 코드를 왜 쓰는지
> 결과에서 뭘 봐야 하는지
> 정상이라면 어떤 모습인지
> 이상하면 무엇을 확인해야 하는지

까지 같이 설명할게.

### 실험 로드맵은 이렇게 잡자

**메인**
`recent_advanced → MLP → next_goals 회귀`

↓

**추가 1**
`recent_advanced → MLP → next_10plus 분류`

↓

**추가 2**
`long_basic → MLP → next_goals`

↓

**추가 3**
`ML 모델 vs MLP`

이렇게 하면 단순 딥러닝 실습이 아니라 **“데이터 양 vs 피처 품질 vs 모델 종류”**까지 비교할 수 있어서 발표 주제로도 꽤 깔끔하다.

그럼 다음부터 **1단계: 문제 정의**부터 실제 주피터에 작성할 내용으로 시작하면 된다.
